{
    "metrics": {
        "checks": {
            "fails": 0,
            "passes": 2401,
            "value": 0
        },
        "data_received": {
            "count": 2263897,
            "rate": 72957.53594433937
        },
        "data_sent": {
            "count": 249444,
            "rate": 8038.713596996591
        },
        "http_req_blocked": {
            "avg": 0.7295322782174141,
            "max": 14.593,
            "med": 0.493,
            "min": 0.003,
            "p(90)": 1.412,
            "p(95)": 2.021
        },
        "http_req_connecting": {
            "avg": 0.4734706372344852,
            "max": 8.579,
            "med": 0.303,
            "min": 0,
            "p(90)": 0.912,
            "p(95)": 1.315
        },
        "http_req_duration": {
            "avg": 12670.868330279061,
            "max": 19963.247,
            "med": 13759.724,
            "min": 489.787,
            "p(90)": 18977.59,
            "p(95)": 19358.802
        },
        "http_req_receiving": {
            "avg": 0.12764723032069986,
            "max": 1.68,
            "med": 0.102,
            "min": 0.049,
            "p(90)": 0.211,
            "p(95)": 0.281
        },
        "http_req_sending": {
            "avg": 0.15522657226155803,
            "max": 10.319,
            "med": 0.092,
            "min": 0.012,
            "p(90)": 0.247,
            "p(95)": 0.388
        },
        "http_req_tls_handshaking": {
            "avg": 0,
            "max": 0,
            "med": 0,
            "min": 0,
            "p(90)": 0,
            "p(95)": 0
        },
        "http_req_waiting": {
            "avg": 12670.58545647647,
            "max": 19961.94,
            "med": 13759.517,
            "min": 489.566,
            "p(90)": 18977.266,
            "p(95)": 19358.285
        },
        "http_reqs": {
            "count": 2401,
            "rate": 77.37588936349968
        },
        "iteration_duration": {
            "avg": 13672.30007916575,
            "max": 20964.265306,
            "med": 14760.499572,
            "min": 1494.121131,
            "p(90)": 19978.175838,
            "p(95)": 20359.68469
        },
        "iterations": {
            "count": 2401,
            "rate": 77.37588936349968
        },
        "vus": {
            "max": 1993,
            "min": 0,
            "value": 0
        },
        "vus_max": {
            "max": 2000,
            "min": 2000,
            "value": 2000
        }
    },
    "root_group": {
        "name": "",
        "path": "",
        "id": "d41d8cd98f00b204e9800998ecf8427e",
        "groups": {},
        "checks": {
            "is status 200": {
                "name": "is status 200",
                "path": "::is status 200",
                "id": "548d37ca5f33793206f7832e7cea54fb",
                "passes": 2401,
                "fails": 0
            }
        }
    }
}
